Symbol,Company Name,Sector,Industry,Country,Market Cap,ESG Risk,Environment Risk Score,Social Risk Score,Governance Risk Score,Controversy Rating
A,"Agilent Technologies, Inc.",Industrials,Diagnostics & Research,United States,40365434818.0,13.6,1.1,6.4,6.1,2.0
AA,Alcoa Corporation,Industrials,Aluminum,United States,6622135551.0,24.0,13.8,5.9,4.3,3.0
AAL,American Airlines Group Inc.,Consumer Discretionary,Airlines,United States,9088024606.0,26.4,9.9,11.6,4.8,2.0
AAP,"Advance Auto Parts, Inc.",Consumer Discretionary,Specialty Retail,United States,4474665296.0,11.5,0.1,8.3,3.1,2.0
AAPL,Apple Inc,Technology,Consumer Electronics,United States,2614310453300.0,17.2,0.5,7.4,9.4,3.0
ABBV,AbbVie Inc.,Health Care,Drug Manufacturers - General,United States,281964477564.0,29.9,2.4,17.2,10.4,3.0
ABT,Abbott Laboratories,Health Care,Medical Devices,United States,186584366596.0,24.8,2.3,14.2,8.3,3.0
ACGL,Arch Capital Group Ltd.,Financial Services,Insurance - Diversified,Bermuda,34010345444.0,22.5,1.5,10.1,10.9,2.0
ACM,AECOM,Consumer Discretionary,Engineering & Construction,United States,12793010269.0,29.4,11.1,12.2,6.2,2.0
ACN,Accenture plc,Consumer Discretionary,Information Technology Services,Ireland,193751749421.0,9.8,0.8,4.6,4.4,2.0
ADBE,Adobe Inc.,Technology,Software - Infrastructure,United States,213946880000.0,13.1,1.9,6.0,5.2,2.0
ADI,"Analog Devices, Inc.",Technology,Semiconductors,United States,100158569056.0,22.9,9.3,6.7,7.0,1.0
ADM,Archer-Daniels-Midland Company,Consumer Staples,Farm Products,United States,30641934095.0,31.8,16.6,10.1,5.0,3.0
ADP,"Automatic Data Processing, Inc.",Technology,Staffing & Employment Services,United States,99850863121.0,13.8,2.8,5.5,5.5,1.0
ADSK,"Autodesk, Inc.",Technology,Software - Application,United States,46618566777.0,16.8,3.7,8.2,4.9,
AEE,Ameren Corporation,Utilities,Utilities - Regulated Electric,United States,19614837943.0,27.2,12.9,9.1,5.3,2.0
AEM,Agnico Eagle Mines Limited,Basic Materials,Gold,Canada,32690590929.0,21.4,8.8,7.4,5.2,2.0
AEP,"American Electric Power Company, Inc.",Utilities,Utilities - Regulated Electric,United States,44862497717.0,26.1,12.7,8.1,5.4,2.0
AER,AerCap Holdings N.V.,Consumer Discretionary,Rental & Leasing Services,Netherlands,17311140932.0,20.0,5.3,8.2,6.6,
AES,The AES Corporation,Utilities,Utilities - Diversified,United States,12224040698.0,26.7,13.3,8.2,5.3,2.0
AFG,"American Financial Group, Inc.",Financial Services,Insurance - Property & Casualty,United States,10653479732.0,27.9,2.5,12.3,13.1,1.0
AFL,Aflac Incorporated,Financial Services,Insurance - Life,United States,48243666304.0,18.3,0.3,9.1,8.9,1.0
AGNC,AGNC Investment Corp.,Real Estate,REIT - Mortgage,United States,6484491266.0,16.1,7.0,3.3,5.8,
AIG,"American International Group, Inc.",Financial Services,Insurance - Diversified,United States,50751475684.0,24.2,1.6,9.7,12.9,2.0
AIV,Apartment Investment and Management Company,Real Estate,REIT - Residential,United States,1165733911.0,19.7,,,,
AIZ,"Assurant, Inc.",Financial Services,Insurance - Specialty,United States,8985893366.0,24.1,1.6,10.8,11.7,2.0
AJG,Arthur J. Gallagher & Co.,Financial Services,Insurance Brokers,United States,50755048000.0,21.2,0.1,10.9,10.1,2.0
AKAM,"Akamai Technologies, Inc.",Consumer Discretionary,Software - Infrastructure,United States,15407600904.0,17.0,3.0,7.1,6.9,1.0
ALB,Albemarle Corporation,Industrials,Specialty Chemicals,United States,13722056679.0,26.6,15.4,4.8,6.3,2.0
ALKS,Alkermes plc,Health Care,Drug Manufacturers - Specialty & Generic,Ireland,4123438962.0,24.5,1.4,15.6,7.5,1.0
ALL,The Allstate Corporation,Financial Services,Insurance - Property & Casualty,United States,44739875269.0,22.0,1.0,10.1,10.9,2.0
ALLE,Allegion plc,Consumer Discretionary,Security & Protection Services,United States,10843610954.0,21.8,10.9,5.8,5.0,
ALLY,Ally Financial Inc.,Financial Services,Credit Services,United States,11945605678.0,23.0,0.1,11.8,11.0,2.0
ALV,"Autoliv, Inc.",Consumer Discretionary,Auto Parts,Sweden,10106785332.0,17.2,4.9,5.1,7.1,3.0
AMAT,"Applied Materials, Inc.",Technology,Semiconductor Equipment & Materials,United States,168987904263.0,12.7,4.5,3.0,5.3,1.0
AME,"AMETEK, Inc.",Industrials,Specialty Industrial Machinery,United States,41007061714.0,23.9,8.6,8.5,6.7,1.0
AMG,"Affiliated Managers Group, Inc.",Financial Services,Asset Management,United States,5253619145.0,21.5,2.1,7.9,11.5,1.0
AMGN,Amgen Inc.,Health Care,Drug Manufacturers - General,United States,144687384892.0,22.0,0.7,13.5,7.8,3.0
AMP,"Ameriprise Financial, Inc.",Financial Services,Asset Management,United States,41120154646.0,20.3,2.1,7.8,10.3,2.0
AMT,American Tower Corporation,Real Estate,REIT - Specialty,United States,80068010592.0,10.9,2.9,2.8,5.2,1.0
AMZN,"Amazon.com, Inc.",Consumer Discretionary,Internet Retail,United States,1865781427489.0,30.6,6.0,15.4,9.2,3.0
ANET,"Arista Networks, Inc.",Technology,Computer Hardware,United States,82754117096.0,16.7,0.4,8.9,7.4,1.0
ANSS,"ANSYS, Inc.",Technology,Software - Application,United States,29042193086.0,15.9,3.5,7.3,5.1,
AOS,A. O. Smith Corporation,Consumer Discretionary,Specialty Industrial Machinery,United States,12248103855.0,25.4,7.2,11.9,6.4,1.0
APA,APA Corporation,Energy,Oil & Gas Exploration & Production,United States,9806093462.0,38.8,22.0,8.9,8.0,2.0
APD,"Air Products and Chemicals, Inc.",Industrials,Specialty Chemicals,United States,52480832120.0,12.3,7.4,1.5,3.3,1.0
APH,Amphenol Corporation,Technology,Electronic Components,United States,72276511238.0,19.6,7.3,4.6,7.6,2.0
APTV,Aptiv PLC,Consumer Discretionary,Auto Parts,United Kingdom,19870156480.0,10.7,1.5,3.9,5.3,1.0
AR,Antero Resources Corporation,Energy,Oil & Gas Exploration & Production,United States,10260598400.0,36.4,,,,1.0
ARE,"Alexandria Real Estate Equities, Inc.",Real Estate,REIT - Office,United States,20328415961.0,13.9,3.9,3.7,6.3,
ARMK,Aramark,Consumer Discretionary,Specialty Business Services,United States,8490380139.0,23.9,8.1,10.9,4.8,2.0
ARW,"Arrow Electronics, Inc.",Technology,Electronics & Computer Distribution,United States,6919395248.0,9.4,2.5,3.0,4.0,
ASH,Ashland Inc.,Consumer Discretionary,Specialty Chemicals,United States,4812124355.0,32.4,19.0,7.2,6.2,2.0
ATO,Atmos Energy Corporation,Utilities,Utilities - Regulated Gas,United States,17637687173.0,34.6,14.8,13.4,6.4,2.0
AVB,"AvalonBay Communities, Inc.",Real Estate,REIT - Residential,United States,27190746174.0,9.8,3.0,2.0,4.8,1.0
AVGO,Broadcom Inc.,Technology,Semiconductors,United States,622870582015.0,20.0,7.3,6.0,6.6,3.0
AVT,"Avnet, Inc.",Technology,Electronics & Computer Distribution,United States,4527218615.0,8.2,2.1,2.7,3.4,2.0
AVY,Avery Dennison Corporation,Consumer Discretionary,Packaging & Containers,United States,17633812457.0,16.1,11.4,0.9,3.7,1.0
AWK,"American Water Works Company, Inc.",Utilities,Utilities - Regulated Water,United States,23522547550.0,21.6,9.0,7.6,5.0,1.0
AXP,American Express Company,Financial Services,Credit Services,United States,169496571409.0,18.6,0.1,8.9,9.7,2.0
AXS,AXIS Capital Holdings Limited,Financial Services,Insurance - Specialty,Bermuda,5120866929.0,24.0,1.7,10.5,11.8,2.0
AXTA,Axalta Coating Systems Ltd.,Consumer Discretionary,Specialty Chemicals,United States,6872774265.0,27.1,14.9,7.4,4.8,
AYI,"Acuity Brands, Inc.",Consumer Discretionary,Electrical Equipment & Parts,United States,7765991404.0,19.5,5.2,9.2,5.0,2.0
AZO,"AutoZone, Inc.",Consumer Discretionary,Specialty Retail,United States,50973994396.0,11.0,0.1,7.1,3.8,2.0
BA,The Boeing Company,Industrials,Aerospace & Defense,United States,102026808980.0,39.6,8.8,22.5,8.3,4.0
BAC,Bank of America Corporation,Financial Services,Banks - Diversified,United States,297822634814.0,28.3,1.7,15.1,11.5,3.0
BAH,Booz Allen Hamilton Holding Corporation,Consumer Discretionary,Consulting Services,United States,18830016662.0,17.0,1.3,9.1,6.6,2.0
BALL,Ball Corporation,Industrials,Packaging & Containers,United States,22031845523.0,12.1,7.6,0.8,3.7,2.0
BAM,Brookfield Asset Management Inc.,Consumer Discretionary,Asset Management,,15485571250.0,18.0,0.4,8.6,9.0,1.0
BAP,Credicorp Ltd.,Financial Services,Banks - Regional,Peru,13286281800.0,22.1,2.0,10.1,10.0,2.0
BAX,Baxter International Inc.,Health Care,Medical Instruments & Supplies,United States,20379115047.0,23.6,2.8,13.6,7.1,3.0
BBWI,"Bath & Body Works, Inc.",Miscellaneous,Specialty Retail,United States,10354235551.0,28.3,12.2,10.3,5.9,2.0
BBY,"Best Buy Co., Inc.",Consumer Discretionary,Specialty Retail,United States,16164373695.0,15.9,2.4,9.1,4.4,2.0
BCE,BCE Inc.,Communication Services,Telecom Services,Canada,29758395658.0,18.8,3.4,10.2,5.2,2.0
BDX,"Becton, Dickinson and Company",Health Care,Medical Instruments & Supplies,United States,66895311820.0,23.8,3.0,13.6,7.1,3.0
BEN,"Franklin Resources, Inc.",Financial Services,Asset Management,United States,13158682496.0,18.3,1.1,9.9,7.3,2.0
BEP,Brookfield Renewable Partners L.P.,Utilities,Utilities - Renewable,Canada,10046725309.0,17.8,2.5,9.5,5.8,1.0
BFH,"Bread Financial Holdings, Inc.",Consumer Discretionary,Credit Services,United States,1827214412.0,18.0,,,,1.0
BG,Bunge Limited,Consumer Staples,Farm Products,United States,14733352816.0,32.9,14.4,13.3,5.3,3.0
BHC,Bausch Health Companies Inc.,Health Care,Drug Manufacturers - Specialty & Generic,Canada,3182738111.0,31.4,5.3,17.9,8.1,3.0
BIDU,"Baidu, Inc.",Technology,Internet Content & Information,China,35247229941.0,24.2,2.5,12.6,9.1,3.0
BIIB,Biogen Inc.,Health Care,Drug Manufacturers - General,United States,30365870702.0,22.2,0.4,14.5,7.4,3.0
BIO,"Bio-Rad Laboratories, Inc.",Industrials,Medical Devices,United States,7869377230.0,17.4,1.2,9.2,7.0,1.0
BK,The Bank of New York Mellon Corporation,Financial Services,Asset Management,United States,43244351252.0,20.9,1.1,9.9,9.9,2.0
BKNG,Booking Holdings Inc.,Consumer Discretionary,Travel Services,United States,120318919749.0,19.2,1.0,10.1,8.1,3.0
BLK,"BlackRock, Inc.",Financial Services,Asset Management,United States,113625247534.0,18.3,0.9,7.4,10.0,2.0
BMO,Bank of Montreal,Financial Services,Banks - Diversified,Canada,65942769512.0,15.3,1.9,5.7,7.6,2.0
BMRN,BioMarin Pharmaceutical Inc.,Health Care,Biotechnology,United States,15265744576.0,25.7,1.2,17.2,7.3,1.0
BMY,Bristol-Myers Squibb Company,Health Care,Drug Manufacturers - General,United States,90695374483.0,22.7,1.3,14.4,7.1,2.0
BN,Brookfield Corporation,Consumer Discretionary,Asset Management,Canada,62022720061.0,19.8,0.8,8.9,10.1,1.0
BNS,The Bank of Nova Scotia,Financial Services,Banks - Diversified,Canada,56525908195.0,20.1,1.6,9.7,8.9,3.0
BOKF,BOK Financial Corporation,Financial Services,Banks - Regional,United States,5909790278.0,21.2,2.3,7.6,11.3,1.0
BR,"Broadridge Financial Solutions, Inc.",Consumer Discretionary,Information Technology Services,United States,22865476319.0,16.6,4.2,7.5,4.9,2.0
BRO,"Brown & Brown, Inc.",Financial Services,Insurance Brokers,United States,23281419760.0,20.5,0.1,9.8,10.6,1.0
BRX,Brixmor Property Group Inc.,Real Estate,REIT - Retail,United States,6544074686.0,11.3,3.8,2.9,4.6,
BSX,Boston Scientific Corporation,Health Care,Medical Devices,United States,107347387028.0,23.1,2.4,11.9,8.9,2.0
BWA,BorgWarner Inc.,Consumer Discretionary,Auto Parts,United States,7626399959.0,12.6,2.7,4.2,5.7,2.0
BX,Blackstone Inc.,Financial Services,Asset Management,United States,87536798068.0,23.4,2.5,9.6,11.3,2.0
BXP,"Boston Properties, Inc.",Real Estate,REIT - Office,United States,9657745380.0,12.5,2.5,4.5,5.4,1.0
C,Citigroup Inc.,Financial Services,Banks - Diversified,United States,119766242623.0,29.2,1.8,13.8,13.7,4.0
CAG,"Conagra Brands, Inc.",Consumer Staples,Packaged Foods,United States,14858190239.0,30.8,10.7,15.4,4.7,2.0
CAH,"Cardinal Health, Inc.",Health Care,Medical Distribution,United States,25104093721.0,14.9,1.2,7.3,6.4,3.0
CAT,Caterpillar Inc.,Industrials,Farm & Heavy Construction Machinery,United States,171476166629.0,36.2,10.4,17.7,8.1,4.0
CB,Chubb Limited,Financial Services,Insurance - Property & Casualty,Switzerland,99593496478.0,23.6,1.5,11.5,10.6,2.0
CBOE,"Cboe Global Markets, Inc.",Financial Services,Financial Data & Stock Exchanges,,19948465000.0,21.0,2.7,7.6,10.6,1.0
CBRE,"CBRE Group, Inc.",Financial Services,Real Estate Services,United States,26696420764.0,8.0,1.5,1.9,4.6,1.0
CBSH,"Commerce Bancshares, Inc.",Financial Services,Banks - Regional,United States,7196492660.0,23.7,2.0,9.4,12.2,1.0
CCI,Crown Castle Inc.,Real Estate,REIT - Specialty,United States,40633864873.0,10.1,4.1,1.7,4.3,
CCK,"Crown Holdings, Inc.",Industrials,Packaging & Containers,United States,9733921231.0,10.4,6.1,0.9,3.5,1.0
CCL,Carnival Corporation & plc,Consumer Discretionary,Travel Services,United States,19754736408.0,24.5,9.4,10.1,5.0,3.0
CDNS,"Cadence Design Systems, Inc.",Technology,Software - Application,United States,76883015990.0,12.0,2.3,4.9,4.8,
CDW,CDW Corporation,Consumer Discretionary,Information Technology Services,United States,32514954729.0,9.2,2.5,3.2,3.5,
CE,Celanese Corporation,Industrials,Chemicals,United States,16824953753.0,26.1,14.7,5.9,5.6,2.0
CERS,Cerus Corporation,Technology,Medical Devices,United States,309993460.0,22.2,3.7,10.4,7.8,
CET,Central Securities Corp.,Financial Services,Asset Management,United States,9954496476.0,21.6,3.0,8.6,7.9,
CF,"CF Industries Holdings, Inc.",Industrials,Agricultural Inputs,United States,15067031680.0,29.3,16.2,7.7,5.4,1.0
CFG,"Citizens Financial Group, Inc.",Financial Services,Banks - Regional,United States,16125298813.0,23.5,2.0,10.1,11.4,2.0
CFR,Cullen Frost Bankers Inc.,Financial Services,Banks - Regional,United States,6874845568.0,30.2,2.2,12.8,15.2,1.0
CHD,"Church & Dwight Co., Inc.",Consumer Discretionary,Household & Personal Products,United States,25918364154.0,19.9,6.9,6.3,6.7,1.0
CHK,Chesapeake Energy Corporation,Energy,Oil & Gas Exploration & Production,United States,12040966526.0,44.0,23.8,10.9,9.3,2.0
CHKP,Check Point Software Technologies Ltd.,Technology,Software - Infrastructure,Israel,17071451762.0,23.1,5.1,12.2,5.8,1.0
CHRW,"C.H. Robinson Worldwide, Inc.",Consumer Discretionary,Integrated Freight & Logistics,United States,8208069167.0,19.3,4.7,9.3,5.3,1.0
CHTR,"Charter Communications, Inc.",Communication Services,Telecom Services,United States,36975854116.0,24.7,6.1,10.7,7.9,2.0
CI,Cigna Corporation,Health Care,Healthcare Plans,United States,103631084648.0,11.6,0.0,6.0,5.7,2.0
CINF,Cincinnati Financial Corporation,Financial Services,Insurance - Property & Casualty,United States,17371017196.0,25.6,1.8,11.0,12.9,1.0
CL,Colgate-Palmolive Company,Consumer Discretionary,Household & Personal Products,United States,74914965138.0,26.2,8.3,11.3,6.5,2.0
CLX,The Clorox Company,Consumer Discretionary,Household & Personal Products,United States,18179095658.0,21.6,7.7,8.6,5.3,2.0
CM,Canadian Imperial Bank of Commerce,Financial Services,Banks - Diversified,Canada,44532101900.0,17.7,1.9,7.8,8.0,2.0
CMA,Comerica Incorporated,Financial Services,Banks - Regional,United States,6898736961.0,25.2,2.5,11.0,11.7,2.0
CMCSA,Comcast Corporation,Communication Services,Telecom Services,United States,153194537565.0,23.1,4.0,10.9,8.2,2.0
CME,CME Group Inc.,Financial Services,Financial Data & Stock Exchanges,United States,75937344456.0,17.8,2.1,6.5,9.2,1.0
CMG,"Chipotle Mexican Grill, Inc.",Consumer Discretionary,Restaurants,United States,87390442968.0,20.7,6.8,9.6,4.3,2.0
CMI,Cummins Inc.,Industrials,Specialty Industrial Machinery,United States,41300202436.0,19.3,5.6,7.7,5.9,2.0
CMS,CMS Energy Corporation,Utilities,Utilities - Regulated Electric,United States,17472284411.0,21.7,9.6,6.8,5.2,2.0
CNA,CNA Financial Corporation,Financial Services,Insurance - Property & Casualty,United States,11713583902.0,28.9,2.1,12.3,14.5,1.0
CNC,Centene Corporation,Health Care,Healthcare Plans,United States,39579862000.0,19.9,0.1,13.3,6.5,2.0
CNHI,CNH Industrial N.V.,Industrials,Farm & Heavy Construction Machinery,United Kingdom,14333888582.0,17.0,5.2,4.9,7.0,3.0
CNI,Canadian National Railway Company,Industrials,Railroads,Canada,80627237271.0,14.0,4.9,6.7,2.4,2.0
CNP,"CenterPoint Energy, Inc.",Utilities,Utilities - Regulated Electric,United States,18221507268.0,28.7,12.9,10.7,5.1,2.0
CNQ,Canadian Natural Resources Limited,Energy,Oil & Gas Exploration & Production,Canada,83615651760.0,29.8,15.6,7.1,7.1,1.0
COF,Capital One Financial Corporation,Financial Services,Credit Services,United States,55590828686.0,22.5,0.1,12.3,10.1,3.0
COMM,"CommScope Holding Company, Inc.",Technology,Communication Equipment,United States,198664032.0,14.5,,,,2.0
COO,"The Cooper Companies, Inc.",Health Care,Medical Instruments & Supplies,United States,17657508271.0,17.5,2.7,8.8,6.0,2.0
COP,Conoco Phillips,Energy,Oil & Gas Exploration & Production,United States,153215425848.0,33.9,17.6,8.1,8.3,2.0
COR,Cencora,Health Care,Medical Distribution,United States,48051222474.0,12.8,1.6,5.5,5.7,3.0
COST,Costco Wholesale Corporation,Consumer Discretionary,Discount Stores,United States,323394272970.0,23.3,6.5,11.2,5.6,3.0
COTY,Coty Inc.,Consumer Discretionary,Household & Personal Products,United States,10258635388.0,26.6,10.9,8.6,7.1,2.0
CP,Canadian Pacific Railway Limited,Industrials,Railroads,Canada,76101256000.0,17.2,6.2,8.2,2.8,2.0
CPB,Campbell Soup Company,Consumer Staples,Packaged Foods,United States,13369901655.0,23.5,10.9,8.1,4.5,2.0
CPG,Veren Inc.,Energy,Oil & Gas Exploration & Production,Canada,5622941874.0,42.4,27.3,7.9,7.2,
CPRI,Capri Holdings Limited,Consumer Discretionary,Luxury Goods,Hong Kong,4142779203.0,16.7,1.4,9.2,6.1,2.0
CPRT,"Copart, Inc.",Consumer Discretionary,Specialty Business Services,United States,53582267786.0,16.0,1.5,9.0,5.6,1.0
CPT,Camden Property Trust,Real Estate,REIT - Residential,United States,10656245504.0,16.1,4.0,3.9,8.2,1.0
CRM,"Salesforce, Inc.",Technology,Software - Application,United States,266061300000.0,14.9,2.0,7.5,5.4,1.0
CSCO,"Cisco Systems, Inc.",Communication Services,Communication Equipment,United States,193794093649.0,13.9,0.4,6.9,6.5,2.0
CSGP,"CoStar Group, Inc.",Financial Services,Real Estate Services,United States,37839123591.0,21.9,4.9,9.3,7.7,1.0
CSL,Carlisle Companies Incorporated,Industrials,Building Products & Equipment,United States,19126447591.0,22.8,11.0,5.9,5.8,1.0
CSX,CSX Corporation,Industrials,Railroads,United States,66447974236.0,21.9,7.0,10.0,4.8,2.0
CTAS,Cintas Corporation,Consumer Discretionary,Specialty Business Services,United States,67597860381.0,18.1,3.0,9.2,5.9,2.0
CTRA,Coterra Energy Inc.,Energy,Oil & Gas Exploration & Production,United States,21269763851.0,36.1,20.3,8.3,7.5,2.0
CTSH,Cognizant Technology Solutions Corporation,Technology,Information Technology Services,United States,33325545622.0,14.7,1.1,7.6,5.9,2.0
CVE,Cenovus Energy Inc.,Energy,Oil & Gas Integrated,Canada,40054869477.0,39.3,21.6,9.6,8.1,2.0
CVS,CVS Health Corporation,Consumer Staples,Healthcare Plans,United States,84542640971.0,22.0,0.0,15.8,6.2,3.0
CVX,Chevron Corporation,Energy,Oil & Gas Integrated,United States,308102380952.0,36.6,17.0,9.2,10.4,3.0
D,"Dominion Energy, Inc.",Utilities,Utilities - Regulated Electric,United States,42249012316.0,26.4,11.9,8.8,5.6,2.0
DAL,"Delta Air Lines, Inc.",Consumer Discretionary,Airlines,United States,32213989167.0,30.3,9.9,14.6,5.8,2.0
DB,Deutsche Bank Aktiengesellschaft,Financial Services,Banks - Regional,Germany,36250800000.0,27.9,1.1,11.6,15.3,4.0
DCI,"Donaldson Company, Inc.",Industrials,Specialty Industrial Machinery,United States,8699076808.0,31.0,10.8,12.8,7.4,1.0
DD,"DuPont de Nemours, Inc.",Industrials,Specialty Chemicals,United States,30780032905.0,28.6,14.7,8.0,5.9,3.0
DE,Deere & Company,Industrials,Farm & Heavy Construction Machinery,United States,109486634739.0,20.0,2.7,10.8,6.5,2.0
DEI,"Douglas Emmett, Inc.",Real Estate,REIT - Office,United States,2237495170.0,18.2,5.3,5.3,7.6,
DELL,Dell Technologies Inc.,Technology,Computer Hardware,United States,89266619295.0,16.7,0.7,8.4,7.5,3.0
DFS,Discover Financial Services,Financial Services,Credit Services,United States,31995911044.0,22.5,0.1,11.9,10.5,2.0
DG,Dollar General Corporation,Consumer Discretionary,Discount Stores,United States,31208703864.0,17.6,3.5,8.6,5.5,2.0
DGX,Quest Diagnostics Incorporated,Health Care,Diagnostics & Research,United States,14863561158.0,21.2,0.1,13.1,8.0,3.0
DHI,"D.R. Horton, Inc.",Consumer Discretionary,Residential Construction,United States,47858949002.0,21.0,8.7,6.7,5.7,2.0
DHR,Danaher Corporation,Industrials,Diagnostics & Research,United States,182638487280.0,11.9,1.4,5.2,5.3,2.0
DIS,The Walt Disney Company,Consumer Discretionary,Entertainment,United States,206780890952.0,15.7,0.0,9.0,6.7,2.0
DKS,"DICK'S Sporting Goods, Inc.",Consumer Discretionary,Specialty Retail,United States,17076699145.0,17.4,3.7,8.1,5.5,2.0
DLR,"Digital Realty Trust, Inc.",Real Estate,REIT - Specialty,United States,44604889603.0,12.6,2.8,2.8,7.0,
DLTR,"Dollar Tree, Inc.",Consumer Discretionary,Discount Stores,United States,26537252611.0,20.1,3.3,12.8,4.0,2.0
DOV,Dover Corporation,Industrials,Specialty Industrial Machinery,United States,25205183034.0,25.9,8.0,12.5,5.4,1.0
DOX,Amdocs Limited,Technology,Software - Infrastructure,Guernsey,9972217659.0,12.5,1.2,6.0,5.3,1.0
DPZ,"Domino's Pizza, Inc.",Consumer Discretionary,Restaurants,United States,17373985668.0,29.2,10.6,12.2,6.3,2.0
DRI,"Darden Restaurants, Inc.",Consumer Discretionary,Restaurants,United States,18631931627.0,27.5,7.9,15.0,4.6,2.0
DTE,DTE Energy Company,Utilities,Utilities - Regulated Electric,United States,22610730917.0,29.8,15.0,10.0,4.7,2.0
DUK,Duke Energy Corporation,Utilities,Utilities - Regulated Electric,United States,75315986389.0,27.0,11.5,10.7,4.8,2.0
DVA,DaVita Inc.,Health Care,Medical Care Facilities,United States,11708827000.0,22.6,0.1,14.1,8.4,2.0
DVN,Devon Energy Corporation,Energy,Oil & Gas Exploration & Production,United States,33470850000.0,33.8,17.7,8.6,7.5,2.0
DXC,DXC Technology Company,Technology,Information Technology Services,United States,3672042572.0,15.3,1.3,8.8,5.3,2.0
DXCM,"DexCom, Inc.",Health Care,Medical Devices,United States,47934987447.0,24.0,5.3,10.6,8.1,1.0
EA,Electronic Arts Inc.,Technology,Electronic Gaming & Multimedia,United States,34194123962.0,13.3,0.1,8.4,4.7,2.0
EBAY,eBay Inc.,Consumer Discretionary,Internet Retail,United States,26946360000.0,17.6,2.7,7.7,7.2,2.0
ECL,Ecolab Inc.,Consumer Discretionary,Specialty Chemicals,United States,63126958571.0,19.9,8.5,6.1,5.3,2.0
ED,"Consolidated Edison, Inc.",Utilities,Utilities - Regulated Electric,United States,32108247181.0,23.8,6.9,10.9,6.1,3.0
EDU,New Oriental Education & Technology Group Inc.,Real Estate,Education & Training Services,China,13780564839.0,15.7,0.2,9.4,6.1,2.0
EFX,Equifax Inc.,Financial Services,Consulting Services,United States,27617238880.0,23.2,0.1,16.3,6.8,3.0
EG,"Everest Group, Ltd.",Financial Services,Insurance - Reinsurance,Bermuda,15821259673.0,18.0,1.4,6.7,9.9,1.0
EIX,Edison International,Utilities,Utilities - Regulated Electric,United States,26970532719.0,27.5,11.0,11.4,5.1,3.0
EL,The Estée Lauder Companies Inc.,Consumer Discretionary,Household & Personal Products,United States,52856904157.0,25.5,6.9,11.1,7.5,2.0
ELV,Elevance Health Inc.,Health Care,Healthcare Plans,United States,124868823224.0,11.4,0.1,6.0,5.3,2.0
EMN,Eastman Chemical Company,Industrials,Specialty Chemicals,United States,11213369801.0,25.3,12.8,5.8,6.6,2.0
EMR,Emerson Electric Co.,Technology,Specialty Industrial Machinery,United States,62824113000.0,28.4,8.8,13.1,6.6,1.0
ENB,Enbridge Inc.,Energy,Oil & Gas Midstream,Canada,76138503272.0,21.1,10.1,8.0,3.0,3.0
EOG,"EOG Resources, Inc.",Energy,Oil & Gas Exploration & Production,United States,78706254030.0,34.2,20.2,6.7,7.3,1.0
EQIX,"Equinix, Inc.",Real Estate,REIT - Specialty,United States,69225998303.0,13.9,3.4,5.3,5.1,1.0
EQR,Equity Residential,Real Estate,REIT - Residential,United States,24724120918.0,11.9,3.0,2.9,6.1,1.0
EQT,EQT Corporation,Energy,Oil & Gas Exploration & Production,United States,17885740470.0,35.7,17.7,10.1,7.9,1.0
ERIE,Erie Indemnity Company,Financial Services,Insurance Brokers,United States,17633185201.0,27.6,2.6,11.4,13.5,1.0
ES,Eversource Energy,Utilities,Utilities - Regulated Electric,United States,20792399901.0,18.6,4.7,8.6,5.4,2.0
ESS,"Essex Property Trust, Inc.",Real Estate,REIT - Residential,United States,15853127479.0,12.4,3.5,2.8,6.1,1.0
ET,Energy Transfer LP,Utilities,Oil & Gas Midstream,United States,53749410594.0,52.0,,,,5.0
ETN,Eaton Corporation plc,Industrials,Specialty Industrial Machinery,Ireland,129557850000.0,17.9,5.5,6.8,5.7,1.0
ETR,Entergy Corporation,Utilities,Utilities - Regulated Electric,United States,22709799288.0,26.7,14.0,7.3,5.3,2.0
EW,Edwards Lifesciences Corporation,Health Care,Medical Devices,United States,51970359000.0,18.6,2.9,8.1,7.6,1.0
EWBC,"East West Bancorp, Inc.",Financial Services,Banks - Regional,United States,10639480160.0,27.3,1.6,12.3,13.4,1.0
EXC,Exelon Corporation,Utilities,Utilities - Regulated Electric,United States,37302778387.0,22.9,7.4,9.1,6.4,3.0
EXP,Eagle Materials Inc.,Industrials,Building Materials,United States,8843377635.0,40.5,22.3,9.2,9.0,1.0
EXPD,"Expeditors International of Washington, Inc.",Consumer Discretionary,Integrated Freight & Logistics,United States,16303789670.0,16.6,4.2,7.6,4.8,2.0
EXPE,"Expedia Group, Inc.",Consumer Discretionary,Travel Services,United States,18494343886.0,27.6,4.3,13.3,10.1,2.0
EXR,Extra Space Storage Inc.,Real Estate,REIT - Industrial,United States,28238855455.0,15.2,4.2,3.7,7.3,1.0
F,Ford Motor Company,Consumer Discretionary,Auto Manufacturers,United States,51186031461.0,22.4,7.4,6.4,8.5,3.0
FAST,Fastenal Company,Consumer Discretionary,Industrial Distribution,United States,39030559598.0,24.7,9.3,8.3,7.1,2.0
FBIN,"Fortune Brands Innovations, Inc.",Consumer Discretionary,Building Products & Equipment,United States,9356223331.0,24.2,10.6,6.1,7.5,1.0
FCX,Freeport-McMoRan Inc.,Basic Materials,Copper,United States,72437655005.0,31.6,15.3,10.0,6.4,4.0
FDS,FactSet Research Systems Inc.,Technology,Financial Data & Stock Exchanges,United States,16064680556.0,18.4,4.3,8.8,5.3,1.0
FDX,FedEx Corporation,Consumer Discretionary,Integrated Freight & Logistics,United States,65418106580.0,19.7,5.7,8.4,5.6,2.0
FE,FirstEnergy Corp.,Utilities,Utilities - Regulated Electric,United States,21903429611.0,25.6,10.8,9.0,5.8,3.0
FFIV,"F5, Inc.",Communication Services,Software - Infrastructure,United States,10699205850.0,17.1,4.1,7.6,5.4,1.0
FI,"Fiserv, Inc.",Consumer Discretionary,Information Technology Services,United States,92037851337.0,19.6,4.1,8.7,6.8,2.0
FIS,"Fidelity National Information Services, Inc.",Consumer Discretionary,Information Technology Services,United States,40122015226.0,17.5,4.1,8.2,5.2,1.0
FITB,Fifth Third Bancorp,Financial Services,Banks - Regional,United States,25137087593.0,16.8,1.2,8.1,7.5,2.0
FL,"Foot Locker, Inc.",Consumer Discretionary,Apparel Retail,United States,2076990846.0,12.3,,,,2.0
FLEX,Flex Ltd.,Technology,Electronic Components,Singapore,12201098396.0,6.4,,,,1.0
FLR,Fluor Corporation,Industrials,Engineering & Construction,United States,6978105716.0,32.9,,,,3.0
FLS,Flowserve Corporation,Industrials,Specialty Industrial Machinery,United States,6136170125.0,23.2,7.9,10.5,4.8,2.0
FMC,FMC Corporation,Industrials,Agricultural Inputs,United States,7293514030.0,30.7,14.4,8.9,7.5,1.0
FNF,"Fidelity National Financial, Inc.",Financial Services,Insurance - Specialty,United States,13766879213.0,24.2,1.5,9.8,12.9,1.0
FNV,Franco-Nevada Corporation,Basic Materials,Gold,Canada,23624077913.0,8.2,0.1,2.6,5.5,2.0
FRT,Federal Realty Investment Trust,Real Estate,REIT - Retail,United States,8480735735.0,12.4,2.3,4.3,5.8,1.0
FTNT,"Fortinet, Inc.",Technology,Software - Infrastructure,United States,48971326243.0,18.9,2.5,10.0,6.4,1.0
FTS,Fortis Inc.,Utilities,Utilities - Regulated Electric,United States,19162836000.0,27.8,14.4,8.4,5.1,1.0
FTV,Fortive Corporation,Industrials,Scientific & Technical Instruments,United States,26694318468.0,34.8,16.1,14.0,4.7,1.0
GD,General Dynamics Corporation,Industrials,Aerospace & Defense,United States,77922709251.0,35.2,9.4,18.9,6.9,3.0
GE,GE Aerospace,Technology,Aerospace & Defense,United States,177709393849.0,40.5,14.2,15.4,10.9,3.0
GEN,Gen Digital Inc.,Technology,Software - Infrastructure,United States,13139452578.0,16.9,3.3,8.2,5.4,2.0
GGG,Graco Inc.,Industrials,Specialty Industrial Machinery,United States,13884830252.0,30.0,8.9,13.5,7.6,
GIB,CGI Inc.,Technology,Information Technology Services,Canada,24010677732.0,15.4,1.2,7.8,6.3,
GIL,Gildan Activewear Inc.,Consumer Discretionary,Apparel Manufacturing,Canada,5953747491.0,9.6,1.2,4.6,3.9,2.0
GILD,"Gilead Sciences, Inc.",Health Care,Drug Manufacturers - General,United States,81498575379.0,23.0,1.0,14.3,7.6,2.0
GIS,"General Mills, Inc.",Consumer Staples,Packaged Foods,United States,39986988883.0,21.1,8.3,8.7,4.1,2.0
GL,Globe Life Inc.,Financial Services,Insurance - Life,United States,7098368729.0,20.4,1.6,8.3,10.5,2.0
GLPI,"Gaming and Leisure Properties, Inc.",Real Estate,REIT - Specialty,United States,11527893821.0,15.6,6.3,4.1,5.3,1.0
GLW,Corning Incorporated,Industrials,Electronic Components,United States,26739350352.0,16.5,5.5,4.8,6.1,2.0
GM,General Motors Company,Consumer Discretionary,Auto Manufacturers,United States,52301516508.0,28.5,9.8,11.5,7.2,4.0
GNTX,Gentex Corporation,Consumer Discretionary,Auto Parts,United States,8035083710.0,18.5,5.5,5.5,7.5,1.0
GOLD,Barrick Gold Corporation,Basic Materials,Gold,Canada,30002683678.0,33.3,15.9,11.9,5.5,4.0
GOOGL,Alphabet Inc.,Technology,Internet Content & Information,United States,2137854350000.0,24.2,1.6,11.2,11.5,4.0
GPC,Genuine Parts Company,Consumer Discretionary,Specialty Retail,United States,22278033254.0,13.7,4.7,5.2,3.8,2.0
GPN,Global Payments Inc.,Consumer Discretionary,Specialty Business Services,United States,32137189706.0,20.9,3.7,10.7,6.5,1.0
GPS,"The Gap, Inc.",Consumer Discretionary,Apparel Retail,United States,7974491939.0,15.6,1.2,9.1,5.3,3.0
GRMN,Garmin Ltd.,Industrials,Scientific & Technical Instruments,Switzerland,27510470469.0,20.7,4.8,11.6,4.3,1.0
GS,"The Goldman Sachs Group, Inc.",Financial Services,Capital Markets,United States,139200863735.0,25.5,0.9,12.8,11.8,2.0
GT,The Goodyear Tire & Rubber Company,Consumer Discretionary,Auto Parts,United States,3362027141.0,15.5,,,,3.0
GWW,"W.W. Grainger, Inc.",Industrials,Industrial Distribution,United States,45694833726.0,16.0,4.5,5.6,5.9,2.0
H,Hyatt Hotels Corporation,Consumer Discretionary,Lodging,United States,15571018966.0,29.8,13.2,11.6,5.1,2.0
HAL,Halliburton Company,Energy,Oil & Gas Equipment & Services,United States,34304515703.0,25.6,9.8,8.9,6.9,2.0
HAS,"Hasbro, Inc.",Consumer Discretionary,Leisure,United States,8947886716.0,7.1,0.0,2.9,4.2,2.0
HBAN,Huntington Bancshares Incorporated,Financial Services,Banks - Regional,United States,19625086444.0,21.8,2.0,11.2,8.7,2.0
HBI,Hanesbrands Inc.,Consumer Discretionary,Apparel Manufacturing,United States,1572901541.0,14.2,1.3,7.6,5.3,2.0
HCA,"HCA Healthcare, Inc.",Health Care,Medical Care Facilities,United States,81119106303.0,28.8,3.9,17.7,7.2,3.0
HD,"The Home Depot, Inc.",Consumer Discretionary,Home Improvement Retail,United States,332079475375.0,12.6,3.3,5.6,3.8,2.0
HES,Hess Corporation,Energy,Oil & Gas Exploration & Production,United States,49921424962.0,33.1,18.9,7.2,7.0,2.0
HIG,"The Hartford Financial Services Group, Inc.",Financial Services,Insurance - Property & Casualty,United States,28337460718.0,16.6,1.8,7.2,7.6,1.0
HLF,Herbalife Nutrition Ltd.,Health Care,Packaged Foods,Cayman Islands,874496458.0,30.5,11.4,11.1,8.1,2.0
HLT,Hilton Worldwide Holdings Inc.,Consumer Discretionary,Lodging,United States,50966683898.0,17.6,6.1,7.0,4.4,2.0
HOG,"Harley-Davidson, Inc.",Consumer Discretionary,Recreational Vehicles,United States,4745559246.0,15.0,2.9,6.0,6.1,2.0
HOLX,"Hologic, Inc.",Health Care,Medical Instruments & Supplies,United States,17834900966.0,25.0,4.6,12.1,8.4,1.0
HON,Honeywell International Inc.,Industrials,Conglomerates,United States,126164571531.0,28.6,11.0,10.6,7.0,3.0
HP,"Helmerich & Payne, Inc.",Energy,Oil & Gas Drilling,United States,3991605082.0,22.3,,,,
HPE,Hewlett Packard Enterprise Company,Technology,Communication Equipment,United States,22317970354.0,10.7,0.9,4.1,5.6,2.0
HPQ,HP Inc.,Technology,Computer Hardware,United States,27460494852.0,11.3,0.1,5.1,6.1,2.0
HRL,Hormel Foods Corporation,Consumer Staples,Packaged Foods,United States,19344325255.0,30.0,13.3,10.7,6.0,3.0
HSIC,"Henry Schein, Inc.",Health Care,Medical Distribution,United States,9397623230.0,13.9,2.0,5.7,6.3,2.0
HST,"Host Hotels & Resorts, Inc.",Real Estate,REIT - Hotel & Motel,United States,13170393356.0,13.4,3.3,4.6,5.5,1.0
HSY,The Hershey Company,Consumer Staples,Confectioners,United States,37967323809.0,26.0,10.5,10.4,5.1,3.0
HUBB,Hubbell Incorporated,Technology,Electrical Equipment & Parts,United States,21854593379.0,19.6,5.6,9.1,4.9,
HUM,Humana Inc.,Health Care,Healthcare Plans,United States,36907849059.0,22.5,0.0,16.7,5.7,2.0
HUN,Huntsman Corporation,Industrials,Chemicals,United States,4132994969.0,27.0,12.8,5.9,8.4,1.0
IAC,IAC Inc.,Technology,Internet Content & Information,United States,4179648493.0,26.9,2.8,15.1,4.7,2.0
IBM,International Business Machines Corporation,Technology,Information Technology Services,United States,153215566446.0,14.1,1.8,6.2,6.1,2.0
ICE,"Intercontinental Exchange, Inc.",Financial Services,Financial Data & Stock Exchanges,United States,75413583173.0,19.8,1.7,9.3,8.8,1.0
ICL,ICL Group Ltd,Industrials,Agricultural Inputs,Israel,6083937306.0,30.5,15.6,8.0,6.9,2.0
IDXX,"IDEXX Laboratories, Inc.",Health Care,Diagnostics & Research,United States,41486527933.0,18.7,2.6,7.1,8.9,1.0
IEX,IDEX Corporation,Industrials,Specialty Industrial Machinery,United States,16691749352.0,29.3,10.3,13.7,5.3,
IFF,International Flavors & Fragrances Inc.,Industrials,Specialty Chemicals,United States,21602194450.0,22.7,10.5,5.6,6.6,3.0
IGT,International Game Technology PLC,Consumer Discretionary,Gambling,United States,4069789655.0,15.5,,,,2.0
ILMN,"Illumina, Inc.",Health Care,Diagnostics & Research,United States,19430292000.0,18.6,0.1,11.6,6.9,3.0
IMO,Imperial Oil Limited,Energy,Oil & Gas Integrated,Canada,37883661972.0,37.2,22.6,7.1,7.5,3.0
INCY,Incyte Corporation,Health Care,Biotechnology,United States,11603510295.0,24.8,1.1,16.3,7.4,1.0
INGR,Ingredion Incorporated,Consumer Staples,Packaged Foods,United States,7427705909.0,28.6,13.5,10.1,5.0,2.0
INTC,Intel Corporation,Technology,Semiconductors,United States,134788640000.0,18.9,4.9,7.3,6.6,3.0
INTU,Intuit Inc.,Technology,Software - Application,United States,178220632450.0,16.4,1.0,10.7,4.7,2.0
IONS,"Ionis Pharmaceuticals, Inc.",Health Care,Biotechnology,United States,6061817237.0,29.3,2.0,18.8,8.5,1.0
IQV,IQVIA Holdings Inc.,Health Care,Diagnostics & Research,United States,42630720000.0,19.1,1.3,10.6,7.2,2.0
IRM,Iron Mountain Incorporated,Real Estate,REIT - Specialty,United States,22657209783.0,14.5,5.0,3.7,5.8,2.0
ISRG,"Intuitive Surgical, Inc.",Health Care,Medical Instruments & Supplies,United States,133131736171.0,21.1,3.7,9.6,7.8,1.0
IT,"Gartner, Inc.",Consumer Discretionary,Information Technology Services,United States,34990426982.0,18.9,0.1,13.2,5.6,1.0
ITW,Illinois Tool Works Inc.,Industrials,Specialty Industrial Machinery,United States,74186064000.0,25.3,7.0,11.8,6.5,2.0
IVZ,Invesco Ltd.,Financial Services,Asset Management,United States,6589826612.0,22.8,0.7,11.0,11.0,2.0
J,Jacobs Engineering Group Inc.,Industrials,Engineering & Construction,United States,18208083077.0,22.4,5.3,11.5,5.6,3.0
JBHT,"J.B. Hunt Transport Services, Inc.",Industrials,Integrated Freight & Logistics,United States,16735383829.0,14.8,3.3,6.6,5.0,1.0
JCI,Johnson Controls International plc,Industrials,Building Products & Equipment,Switzerland,44370970465.0,14.4,4.5,4.6,5.4,3.0
JEF,Jefferies Financial Group Inc.,Financial Services,Capital Markets,United States,9236617474.0,25.9,2.6,9.4,13.9,2.0
JKHY,"Jack Henry & Associates, Inc.",Technology,Information Technology Services,United States,12014422749.0,18.7,4.3,8.7,5.7,
JLL,Jones Lang LaSalle Incorporated,Financial Services,Real Estate Services,United States,8658276873.0,6.8,1.5,2.1,3.1,1.0
JNJ,Johnson & Johnson,Health Care,Drug Manufacturers - General,United States,352017242700.0,24.0,0.9,15.0,8.0,4.0
JNPR,"Juniper Networks, Inc.",Technology,Communication Equipment,United States,11173404674.0,14.8,1.8,7.2,5.8,1.0
JPM,JPMorgan Chase & Co.,Financial Services,Banks - Diversified,United States,557323081148.0,29.3,1.1,16.5,11.7,3.0
JWN,"Nordstrom, Inc.",Consumer Discretionary,Department Stores,United States,3123129710.0,20.3,3.7,12.8,3.9,2.0
K,Kellanova Co,Consumer Staples,Packaged Foods,United States,19667356238.0,28.4,10.6,13.4,4.4,2.0
KAR,Openlane Inc.,Consumer Discretionary,Auto & Truck Dealerships,United States,1882153638.0,18.0,,,,1.0
KEY,KeyCorp,Financial Services,Banks - Regional,United States,13727472872.0,21.4,1.6,9.2,10.7,1.0
KEYS,"Keysight Technologies, Inc.",Industrials,Scientific & Technical Instruments,United States,25930270329.0,7.6,1.2,1.8,4.7,1.0
KHC,The Kraft Heinz Company,Consumer Staples,Packaged Foods,United States,46291887872.0,33.7,13.5,14.1,6.2,3.0
KIM,Kimco Realty Corporation,Real Estate,REIT - Retail,United States,12367984342.0,10.9,2.3,2.6,6.0,
KLAC,KLA Corporation,Technology,Semiconductor Equipment & Materials,United States,95510118355.0,17.2,7.4,5.1,4.6,
KMB,Kimberly-Clark Corporation,Consumer Discretionary,Household & Personal Products,United States,45536535573.0,28.5,10.4,10.4,7.6,2.0
KMI,"Kinder Morgan, Inc.",Utilities,Oil & Gas Midstream,United States,41458102161.0,19.0,8.3,7.2,3.5,2.0
KMX,"CarMax, Inc.",Consumer Discretionary,Auto & Truck Dealerships,United States,10952600300.0,12.1,0.1,8.0,4.0,2.0
KO,The Coca-Cola Company,Consumer Staples,Beverages - Non-Alcoholic,United States,266251043812.0,21.6,7.2,9.5,4.9,3.0
KR,The Kroger Co.,Consumer Staples,Grocery Stores,United States,40046458464.0,21.3,6.6,9.1,5.6,3.0
KSS,Kohl's Corporation,Consumer Discretionary,Department Stores,United States,2720543240.0,12.3,2.3,6.2,3.8,2.0
L,Loews Corporation,Financial Services,Insurance - Property & Casualty,United States,16767297949.0,16.4,0.6,4.3,11.5,2.0
LAZ,Lazard Ltd,Financial Services,Capital Markets,Bermuda,4396749888.0,23.0,1.9,9.6,11.6,2.0
LBRDK,Liberty Broadband Corporation,Communication Services,Telecom Services,United States,7039129337.0,22.2,2.1,11.4,8.8,1.0
LBTYA,Liberty Global plc,Communication Services,Telecom Services,United Kingdom,6172887351.0,23.4,5.6,10.4,7.4,2.0
LDOS,"Leidos Holdings, Inc.",Technology,Information Technology Services,United States,17700189678.0,17.6,3.4,9.0,5.3,2.0
LEA,Lear Corporation,Consumer Discretionary,Auto Parts,United States,7783429707.0,12.4,3.4,3.7,5.3,2.0
LECO,"Lincoln Electric Holdings, Inc.",Industrials,Tools & Accessories,United States,13065835782.0,21.9,7.6,8.7,5.6,1.0
LEG,"Leggett & Platt, Incorporated",Consumer Discretionary,"Furnishings, Fixtures & Appliances",United States,2405804301.0,14.5,6.5,4.1,3.9,2.0
LEN,Lennar Corporation,Consumer Discretionary,Residential Construction,United States,42945629878.0,25.4,11.3,8.6,5.6,2.0
LH,Laboratory Corporation of America Holdings,Health Care,Diagnostics & Research,United States,16685440000.0,19.7,0.4,12.7,6.6,2.0
LII,Lennox International Inc.,Industrials,Building Products & Equipment,United States,16978762803.0,19.5,8.1,4.2,7.2,
LKQ,LKQ Corporation,Consumer Discretionary,Auto Parts,United States,11642098050.0,11.1,3.8,4.0,3.3,2.0
LLY,Eli Lilly and Company,Health Care,Drug Manufacturers - General,United States,696955127187.0,24.3,2.5,12.6,9.1,2.0
LMT,Lockheed Martin Corporation,Industrials,Aerospace & Defense,United States,110681066446.0,30.2,8.0,15.1,7.1,3.0
LNC,Lincoln National Corporation,Financial Services,Insurance - Life,United States,4718488772.0,17.9,1.9,6.1,9.9,2.0
LNG,"Cheniere Energy, Inc.",Utilities,Oil & Gas Midstream,United States,37348928484.0,22.8,11.3,8.2,3.3,2.0
LNT,Alliant Energy Corporation,Utilities,Utilities - Regulated Electric,United States,12700013530.0,21.4,8.5,6.6,6.3,
LOW,"Lowe's Companies, Inc.",Consumer Discretionary,Home Improvement Retail,United States,131527991938.0,11.8,3.3,5.3,3.2,2.0
LRCX,Lam Research Corporation,Technology,Semiconductor Equipment & Materials,United States,121318783110.0,13.6,4.5,4.0,5.1,1.0
LULU,Lululemon Athletica Inc.,Consumer Discretionary,Apparel Retail,Canada,44089360540.0,16.9,1.6,9.9,5.5,2.0
LUMN,"Lumen Technologies, Inc.",Communication Services,Telecom Services,United States,1221804543.0,26.1,6.7,12.8,6.7,2.0
LUV,Southwest Airlines Co.,Consumer Discretionary,Airlines,United States,16127842057.0,30.7,11.0,13.7,5.9,2.0
LVS,Las Vegas Sands Corp.,Consumer Discretionary,Resorts & Casinos,United States,33862392968.0,18.7,2.3,7.7,8.7,2.0
LYB,LyondellBasell Industries N.V.,Industrials,Specialty Chemicals,Netherlands,33143548288.0,20.7,13.5,2.1,5.1,2.0
M,"Macy's, Inc.",Consumer Discretionary,Department Stores,United States,5054824408.0,16.8,,,,2.0
MA,Mastercard Incorporated,Consumer Discretionary,Credit Services,United States,431387687430.0,17.1,2.2,6.7,8.3,4.0
MAA,"Mid-America Apartment Communities, Inc.",Real Estate,REIT - Residential,United States,15083161253.0,13.1,3.9,3.0,6.3,1.0
MAC,The Macerich Company,Real Estate,REIT - Retail,United States,3380333857.0,12.1,,,,1.0
MAN,ManpowerGroup Inc.,Consumer Discretionary,Staffing & Employment Services,United States,3659044807.0,9.8,0.0,6.0,3.8,1.0
MAR,"Marriott International, Inc.",Consumer Discretionary,Lodging,United States,69719648804.0,21.4,8.6,9.2,3.7,3.0
MAS,Masco Corporation,Consumer Discretionary,Building Products & Equipment,United States,15350580710.0,22.2,9.7,5.6,6.8,1.0
MAT,"Mattel, Inc.",Consumer Discretionary,Leisure,United States,6315840000.0,15.5,0.8,9.4,5.3,4.0
MCD,McDonald's Corporation,Consumer Discretionary,Restaurants,United States,197185040858.0,26.0,7.6,12.6,5.8,3.0
MCHP,Microchip Technology Incorporated,Technology,Semiconductors,United States,50580312026.0,31.8,15.3,9.2,7.4,1.0
MCK,McKesson Corporation,Health Care,Medical Distribution,United States,71394121784.0,15.2,1.6,7.3,6.3,3.0
MCO,Moody's Corporation,Financial Services,Financial Data & Stock Exchanges,United States,68643725000.0,15.8,1.6,6.1,8.1,2.0
MD,"Pediatrix Medical Group, Inc.",Health Care,Medical Care Facilities,United States,760471730.0,21.2,,,,2.0
MDLZ,"Mondelez International, Inc.",Consumer Staples,Confectioners,United States,95074769991.0,22.0,7.2,9.4,5.4,3.0
MDT,Medtronic plc,Health Care,Medical Devices,United States,105880569260.0,22.8,1.8,13.4,7.6,3.0
MDU,"MDU Resources Group, Inc.",Industrials,Conglomerates,United States,5025009850.0,35.6,21.0,6.6,7.9,1.0
MET,"MetLife, Inc.",Financial Services,Insurance - Life,United States,50915090441.0,16.4,0.7,7.0,8.8,2.0
META,"Meta Platforms, Inc.",Technology,Internet Content & Information,United States,1130125789439.0,34.1,2.7,21.1,10.3,4.0
MFC,Manulife Financial Corporation,Financial Services,Insurance - Life,Canada,42389589929.0,18.1,0.9,8.8,8.3,2.0
MGA,Magna International Inc.,Consumer Discretionary,Auto Parts,Canada,14090876389.0,18.5,4.6,9.2,4.8,2.0
MGM,MGM Resorts International,Consumer Discretionary,Resorts & Casinos,United States,13135580155.0,24.8,1.3,13.0,10.5,2.0
MHK,"Mohawk Industries, Inc.",Consumer Discretionary,"Furnishings, Fixtures & Appliances",United States,7353754691.0,14.1,5.8,4.2,4.2,2.0
MIDD,The Middleby Corporation,Industrials,Specialty Industrial Machinery,United States,7571482793.0,30.4,9.3,14.3,6.8,
MKC,"McCormick & Company, Incorporated",Consumer Staples,Packaged Foods,United States,20326894150.0,26.1,9.6,11.1,5.3,2.0
MKL,Markel Corporation,Financial Services,Insurance - Property & Casualty,United States,18832827478.0,26.9,2.5,10.6,13.8,2.0
MLCO,Melco Resorts & Entertainment Limited,Consumer Discretionary,Resorts & Casinos,Hong Kong,2810055097.0,21.3,3.2,8.2,9.9,2.0
MLM,"Martin Marietta Materials, Inc.",Industrials,Building Materials,United States,37401973100.0,30.1,16.7,4.8,8.7,2.0
MMC,"Marsh & McLennan Companies, Inc.",Financial Services,Insurance Brokers,United States,97534720749.0,,,,,
MMM,3M Company,Health Care,Conglomerates,United States,50815164230.0,37.3,17.2,13.6,6.5,5.0
MNST,Monster Beverage Corporation,Consumer Staples,Beverages - Non-Alcoholic,United States,55538755862.0,29.2,12.1,12.0,5.1,2.0
MO,"Altria Group, Inc.",Health Care,Tobacco,United States,76498971800.0,31.3,6.1,17.6,7.6,3.0
MOS,The Mosaic Company,Industrials,Agricultural Inputs,United States,9731090375.0,33.5,13.9,11.1,8.6,2.0
MPC,Marathon Petroleum Corporation,Energy,Oil & Gas Refining & Marketing,United States,71689958841.0,30.5,17.1,8.1,5.3,3.0
MRK,"Merck & Co., Inc.",Health Care,Drug Manufacturers - General,United States,332282876006.0,21.4,1.9,10.6,8.9,3.0
MRVL,"Marvell Technology, Inc.",Technology,Semiconductors,United States,60290920000.0,20.1,6.2,7.5,6.4,2.0
MS,Morgan Stanley,Financial Services,Capital Markets,United States,151801956011.0,24.6,1.1,12.9,10.5,2.0
MSCI,MSCI Inc.,Consumer Discretionary,Financial Data & Stock Exchanges,United States,37851738754.0,16.3,1.6,7.0,7.7,1.0
MSFT,Microsoft Corporation,Technology,Software - Infrastructure,United States,3019134848567.0,15.1,1.5,7.5,6.1,3.0
MSI,"Motorola Solutions, Inc.",Technology,Communication Equipment,United States,57561755257.0,13.1,2.3,5.1,5.8,1.0
MSM,"MSC Industrial Direct Co., Inc.",Industrials,Industrial Distribution,United States,5248342957.0,17.1,3.7,7.0,6.4,
MTB,M&T Bank Corporation,Financial Services,Banks - Regional,United States,24390463717.0,26.5,2.6,10.3,13.6,1.0
MTD,Mettler-Toledo International Inc.,Industrials,Diagnostics & Research,Switzerland,26592569873.0,13.1,1.0,7.4,4.7,
MU,"Micron Technology, Inc.",Technology,Semiconductors,United States,127170153752.0,18.2,7.2,5.5,5.5,2.0
NCLH,Norwegian Cruise Line Holdings Ltd.,Consumer Discretionary,Travel Services,United States,8104518191.0,25.9,9.0,10.9,6.1,2.0
NDAQ,"Nasdaq, Inc.",Financial Services,Financial Data & Stock Exchanges,United States,34581418988.0,13.1,0.0,5.6,7.4,1.0
NDSN,Nordson Corporation,Industrials,Specialty Industrial Machinery,United States,14892860598.0,24.9,8.2,11.6,5.1,1.0
NEE,"NextEra Energy, Inc.",Technology,Utilities - Regulated Electric,United States,135578603106.0,23.3,9.4,8.3,5.6,2.0
NEM,Newmont Corporation,Basic Materials,Gold,United States,49248530167.0,20.5,7.1,8.2,5.2,3.0
NEU,NewMarket Corporation,Industrials,Specialty Chemicals,United States,5077067312.0,36.1,17.8,9.7,8.6,
NFLX,"Netflix, Inc.",Consumer Discretionary,Entertainment,United States,241870481899.0,16.4,0.1,7.3,9.0,2.0
NI,NiSource Inc.,Utilities,Utilities - Regulated Gas,United States,12503835340.0,26.0,12.0,9.2,4.9,3.0
NKE,"NIKE, Inc.",Consumer Discretionary,Footwear & Accessories,United States,142060850915.0,19.6,3.0,10.0,6.7,3.0
NLY,"Annaly Capital Management, Inc.",Real Estate,REIT - Mortgage,United States,9441515819.0,11.2,2.1,2.9,6.2,
NOC,Northrop Grumman Corporation,Industrials,Aerospace & Defense,United States,72084654467.0,27.5,7.8,14.4,5.4,2.0
NOV,NOV Inc.,Industrials,Oil & Gas Equipment & Services,United States,7434846970.0,32.1,11.7,12.0,8.4,2.0
NOW,"ServiceNow, Inc.",Technology,Software - Application,United States,148327750000.0,16.6,4.0,6.0,6.6,
NRG,"NRG Energy, Inc.",Utilities,Utilities - Independent Power Producers,United States,15146009884.0,32.0,16.8,9.5,5.7,2.0
NSC,Norfolk Southern Corporation,Industrials,Railroads,United States,54198009030.0,23.9,8.0,10.5,5.4,3.0
NTAP,"NetApp, Inc.",Technology,Computer Hardware,United States,2091214696.0,15.4,2.2,7.7,5.5,1.0
NTR,Nutrien Ltd.,Industrials,Agricultural Inputs,Canada,25989295109.0,28.5,13.6,8.4,6.5,2.0
NTRS,Northern Trust Corporation,Financial Services,Asset Management,United States,17058857947.0,23.9,1.9,11.8,10.2,2.0
NUE,Nucor Corporation,Industrials,Steel,United States,42231494391.0,32.8,9.3,14.7,8.8,2.0
NVDA,NVIDIA Corporation,Technology,Semiconductors,United States,2193375000000.0,13.6,2.3,4.9,6.3,2.0
NVR,"NVR, Inc.",Consumer Discretionary,Residential Construction,United States,24364593555.0,20.3,7.2,7.8,5.2,1.0
NWL,Newell Brands Inc.,Industrials,Household & Personal Products,United States,3227397000.0,13.6,5.9,4.0,3.7,2.0
NWSA,News Corporation,Consumer Discretionary,Entertainment,United States,13832505547.0,11.5,0.0,4.7,6.7,2.0
NXPI,NXP Semiconductors N.V.,Technology,Semiconductors,Netherlands,62242662402.0,19.8,8.6,5.4,5.8,1.0
NYCB,"New York Community Bancorp, Inc.",Financial Services,Banks - Regional,United States,2369825744.0,27.8,2.8,13.4,11.5,3.0
O,Realty Income Corporation,Real Estate,REIT - Retail,United States,46250956988.0,15.5,4.4,5.3,5.7,2.0
OC,Owens Corning,Industrials,Building Products & Equipment,United States,14660534253.0,19.1,9.2,5.1,4.9,1.0
OGE,OGE Energy Corp.,Utilities,Utilities - Regulated Electric,United States,6775172099.0,31.8,15.7,10.6,5.5,
OHI,"Omega Healthcare Investors, Inc.",Real Estate,REIT - Healthcare Facilities,United States,7626458083.0,18.1,7.1,5.2,5.8,1.0
OKE,"ONEOK, Inc.",Utilities,Oil & Gas Midstream,United States,47270904693.0,25.1,10.8,11.0,3.3,1.0
OMC,Omnicom Group Inc.,Consumer Discretionary,Advertising Agencies,United States,18778490712.0,16.3,0.1,9.3,6.9,1.0
ON,ON Semiconductor Corporation,Technology,Semiconductors,United States,29083988055.0,22.4,11.8,5.7,4.9,1.0
ORCL,Oracle Corporation,Technology,Software - Infrastructure,United States,322153325940.0,13.9,0.5,7.8,5.6,2.0
ORI,Old Republic International Corporation,Financial Services,Insurance - Diversified,United States,8381671537.0,28.3,2.4,10.8,15.1,1.0
ORLY,"O'Reilly Automotive, Inc.",Consumer Discretionary,Specialty Retail,United States,61630062179.0,12.1,0.1,8.1,3.8,1.0
OTEX,Open Text Corporation,Technology,Software - Application,Canada,9706549366.0,17.6,4.8,7.9,4.9,1.0
OXY,Occidental Petroleum Corporation,Energy,Oil & Gas Exploration & Production,United States,59612471975.0,41.7,25.0,9.7,7.0,2.0
PANW,"Palo Alto Networks, Inc.",Technology,Software - Infrastructure,United States,94157802000.0,13.9,0.7,7.6,5.6,1.0
PARA,Paramount Global,Industrials,Entertainment,United States,7771097041.0,15.0,0.1,7.5,7.4,3.0
PARAA,Paramount Global,Industrials,Entertainment,United States,14596090747.0,15.3,0.1,8.1,7.1,3.0
PAYX,"Paychex, Inc.",Consumer Discretionary,Staffing & Employment Services,United States,43184802020.0,16.7,3.2,7.2,6.4,1.0
PBA,Pembina Pipeline Corporation,Energy,Oil & Gas Midstream,Canada,19682158680.0,20.8,10.6,6.9,3.3,1.0
PCAR,PACCAR Inc,Consumer Discretionary,Farm & Heavy Construction Machinery,United States,58654016477.0,27.6,8.4,11.0,8.3,3.0
PCG,PG&E Corporation,Utilities,Utilities - Regulated Electric,United States,48973877319.0,30.4,9.6,15.4,5.4,4.0
PEG,Public Service Enterprise Group Incorporated,Utilities,Utilities - Regulated Electric,United States,33814142941.0,27.2,12.5,9.3,5.5,2.0
PEP,"PepsiCo, Inc.",Consumer Staples,Beverages - Non-Alcoholic,United States,241384922368.0,22.1,7.3,9.6,5.2,3.0
PFE,Pfizer Inc.,Health Care,Drug Manufacturers - General,United States,143428171995.0,24.6,2.1,12.9,9.6,3.0
PFG,"Principal Financial Group, Inc.",Financial Services,Asset Management,United States,18661914691.0,14.2,0.8,5.8,7.6,1.0
PG,The Procter & Gamble Company,Consumer Discretionary,Household & Personal Products,United States,380666219634.0,28.6,9.6,12.2,6.7,3.0
PGR,The Progressive Corporation,Financial Services,Insurance - Property & Casualty,United States,121838482836.0,20.0,1.5,8.5,10.1,2.0
PH,Parker-Hannifin Corporation,Industrials,Specialty Industrial Machinery,United States,71093385209.0,29.5,9.5,13.8,6.2,2.0
PHM,"PulteGroup, Inc.",Consumer Discretionary,Residential Construction,United States,23936932459.0,21.4,9.2,7.3,4.9,2.0
PII,Polaris Inc.,Consumer Discretionary,Recreational Vehicles,United States,4736398279.0,12.3,1.3,6.7,4.3,2.0
PKG,Packaging Corporation of America,Consumer Discretionary,Packaging & Containers,United States,15491528969.0,18.6,14.0,1.1,3.6,1.0
PLD,"Prologis, Inc.",Real Estate,REIT - Industrial,United States,96243116860.0,10.3,2.7,2.5,5.0,1.0
PM,Philip Morris International Inc.,Health Care,Tobacco,United States,147514425847.0,28.5,3.4,13.5,11.5,3.0
PNC,"The PNC Financial Services Group, Inc.",Financial Services,Banks - Regional,United States,62101824364.0,26.1,1.9,13.3,10.8,3.0
PNR,Pentair plc,Industrials,Specialty Industrial Machinery,Switzerland,13275328855.0,22.1,6.0,10.0,6.1,1.0
PNW,Pinnacle West Capital Corporation,Utilities,Utilities - Regulated Electric,United States,8358462674.0,30.8,14.7,10.2,5.8,1.0
PPG,"PPG Industries, Inc.",Consumer Discretionary,Specialty Chemicals,United States,30522520000.0,25.2,11.0,7.7,6.5,2.0
PPL,PPL Corporation,Utilities,Utilities - Regulated Electric,United States,19930044084.0,31.3,17.1,8.9,5.3,2.0
PRGO,Perrigo Company plc,Health Care,Drug Manufacturers - Specialty & Generic,United States,4328379092.0,36.4,3.4,21.4,11.6,2.0
PRU,"Prudential Financial, Inc.",Financial Services,Insurance - Life,United States,39669500000.0,19.9,0.6,10.0,9.3,1.0
PSA,Public Storage,Real Estate,REIT - Industrial,United States,45280945553.0,13.1,4.7,2.6,5.7,1.0
PSX,Phillips 66,Energy,Oil & Gas Refining & Marketing,United States,64776896795.0,35.4,20.8,8.8,5.8,3.0
PTC,PTC Inc.,Technology,Software - Application,United States,21637789781.0,18.9,4.9,8.6,5.4,
PVH,PVH Corp.,Consumer Discretionary,Apparel Manufacturing,United States,6405199455.0,16.0,1.3,9.7,5.0,3.0
PWR,"Quanta Services, Inc.",Industrials,Engineering & Construction,United States,38136677060.0,36.9,12.1,15.7,9.0,2.0
PXD,Pioneer Natural Resources Company,Energy,Oil & Gas Exploration & Production,United States,62814248543.0,,,,,
PYPL,"PayPal Holdings, Inc.",Consumer Discretionary,Credit Services,United States,70692093349.0,17.8,2.8,9.2,5.8,2.0
QCOM,QUALCOMM Incorporated,Technology,Semiconductors,United States,184876560000.0,15.4,5.3,4.5,5.6,3.0
QGEN,Qiagen N.V.,Health Care,Diagnostics & Research,Netherlands,9504644746.0,14.3,1.6,6.0,6.6,2.0
QRVO,"Qorvo, Inc.",Technology,Semiconductors,United States,11272032472.0,28.5,12.3,8.5,7.7,
QSR,Restaurant Brands International Inc.,Consumer Discretionary,Restaurants,Canada,23052762729.0,23.5,7.2,11.3,5.0,3.0
RACE,Ferrari N.V.,Consumer Discretionary,Auto Manufacturers,Italy,76219426301.0,24.8,5.9,12.3,6.6,2.0
RCI,Rogers Communications Inc.,Communication Services,Telecom Services,Canada,20166803039.0,23.3,4.4,11.8,7.0,3.0
RCL,Royal Caribbean Cruises Ltd.,Consumer Discretionary,Travel Services,United States,36082444167.0,20.7,8.1,7.7,4.9,3.0
REG,Regency Centers Corporation,Real Estate,REIT - Retail,United States,10757238127.0,11.7,3.7,3.2,4.8,
REGN,"Regeneron Pharmaceuticals, Inc.",Health Care,Biotechnology,United States,96941706547.0,18.0,0.3,11.0,6.7,2.0
RF,Regions Financial Corporation,Financial Services,Banks - Regional,United States,18028112622.0,16.9,1.8,6.7,8.4,2.0
RGA,"Reinsurance Group of America, Incorporated",Financial Services,Insurance - Reinsurance,United States,12413619863.0,23.1,2.7,8.1,12.2,
RHI,Robert Half International Inc.,Consumer Discretionary,Staffing & Employment Services,United States,7296210793.0,10.9,0.1,7.4,3.4,1.0
RIG,Transocean Ltd.,Energy,Oil & Gas Drilling,Switzerland,4749011066.0,25.5,,,,2.0
RJF,"Raymond James Financial, Inc.",Financial Services,Capital Markets,United States,25472105042.0,27.0,2.3,11.2,13.4,2.0
RL,Ralph Lauren Corporation,Consumer Discretionary,Apparel Manufacturing,United States,10642326563.0,14.6,1.2,7.8,5.6,2.0
RMD,ResMed Inc.,Health Care,Medical Instruments & Supplies,United States,32074202917.0,26.4,3.5,12.4,10.4,1.0
RNR,RenaissanceRe Holdings Ltd.,Financial Services,Insurance - Reinsurance,Bermuda,11544292438.0,22.6,2.5,9.0,11.2,
ROK,"Rockwell Automation, Inc.",Industrials,Specialty Industrial Machinery,United States,32099517203.0,17.7,5.4,6.6,5.7,2.0
ROL,"Rollins, Inc.",Financial Services,Personal Services,United States,21726441619.0,19.3,1.8,10.6,6.9,1.0
ROP,"Roper Technologies, Inc.",Industrials,Software - Application,United States,56377224578.0,20.4,4.7,9.7,6.1,
ROST,"Ross Stores, Inc.",Consumer Discretionary,Apparel Retail,United States,44782616979.0,18.2,1.8,10.8,5.7,2.0
RPM,RPM International Inc.,Consumer Discretionary,Specialty Chemicals,United States,13826569115.0,32.8,16.0,9.2,7.7,1.0
RRC,Range Resources Corporation,Energy,Oil & Gas Exploration & Production,United States,9052411206.0,44.9,25.3,9.7,9.9,2.0
RS,Reliance Steel & Aluminum Co.,Industrials,Steel,United States,16688977014.0,19.8,7.2,7.1,5.4,
RSG,"Republic Services, Inc.",Utilities,Waste Management,United States,60380062322.0,20.9,11.2,6.0,3.7,3.0
RVTY,"Revvity, Inc.",Industrials,Diagnostics & Research,United States,12539512130.0,16.7,0.8,10.1,5.8,2.0
RY,Royal Bank of Canada,Financial Services,Banks - Diversified,Canada,138787045735.0,24.4,1.9,13.6,8.9,3.0
SABR,Sabre Corporation,Technology,Travel Services,United States,1062546447.0,22.7,1.2,13.9,7.6,2.0
SATS,EchoStar Corporation,Technology,Communication Equipment,United States,4344296320.0,27.5,,,,
SBAC,SBA Communications Corporation,Real Estate,REIT - Specialty,United States,21214165884.0,11.6,3.1,3.2,5.2,
SBUX,Starbucks Corporation,Consumer Discretionary,Restaurants,United States,99916650000.0,24.7,5.8,14.6,4.3,3.0
SCCO,Southern Copper Corporation,Basic Materials,Copper,United States,90407865677.0,27.5,12.9,8.7,5.9,3.0
SCHW,The Charles Schwab Corporation,Financial Services,Capital Markets,United States,136809432660.0,23.3,2.4,8.9,11.9,2.0
SCI,Service Corporation International,Consumer Discretionary,Personal Services,United States,10476682830.0,15.9,0.1,10.0,5.7,2.0
SEE,Sealed Air Corporation,Industrials,Packaging & Containers,United States,4586230641.0,16.1,12.0,1.2,2.9,1.0
SEIC,SEI Investments Company,Financial Services,Asset Management,United States,8744122944.0,18.9,1.0,8.1,9.7,1.0
SHW,The Sherwin-Williams Company,Consumer Discretionary,Specialty Chemicals,United States,77980652767.0,29.4,14.3,9.2,5.8,2.0
SIG,Signet Jewelers Limited,Consumer Discretionary,Luxury Goods,Bermuda,4530434515.0,14.5,,,,2.0
SIRI,Sirius XM Holdings Inc.,Consumer Discretionary,Entertainment,United States,11604235222.0,16.2,0.1,8.0,8.1,2.0
SITC,SITE Centers Corp.,Real Estate,REIT - Retail,United States,2822137442.0,14.3,,,,
SIX,Six Flags Entertainment Corporation,Consumer Discretionary,Leisure,United States,1996347853.0,25.6,12.6,9.2,3.8,2.0
SJM,The J. M. Smucker Company,Consumer Staples,Packaged Foods,United States,12061542480.0,30.5,12.9,12.0,5.6,2.0
SLB,Schlumberger Limited,Energy,Oil & Gas Equipment & Services,France,70490910631.0,20.3,8.1,6.3,5.9,1.0
SLF,Sun Life Financial Inc.,Financial Services,Insurance - Diversified,Canada,30207902940.0,13.8,0.5,7.1,6.3,1.0
SLG,SL Green Realty Corp.,Real Estate,REIT - Office,United States,3279478048.0,12.7,2.7,2.9,7.2,1.0
SLM,SLM Corporation,Financial Services,Credit Services,United States,4825658759.0,22.4,0.1,11.7,10.6,
SMG,The Scotts Miracle-Gro Company,Industrials,Agricultural Inputs,United States,3840904138.0,37.8,15.8,11.7,10.3,2.0
SNA,Snap-on Incorporated,Consumer Discretionary,Tools & Accessories,United States,14270911214.0,30.5,9.0,13.9,7.6,2.0
SNPS,"Synopsys, Inc.",Technology,Software - Infrastructure,United States,82931902505.0,14.4,3.3,6.9,4.2,
SNV,Synovus Financial Corp.,Financial Services,Banks - Regional,United States,5394815089.0,24.2,2.2,10.2,11.8,2.0
SO,The Southern Company,Utilities,Utilities - Regulated Electric,United States,79873216423.0,33.0,14.7,11.0,7.3,2.0
SON,Sonoco Products Company,Consumer Discretionary,Packaging & Containers,United States,5545206386.0,21.4,15.8,2.2,3.4,1.0
SPG,"Simon Property Group, Inc.",Real Estate,REIT - Retail,United States,46394983064.0,14.0,3.8,4.0,6.2,1.0
SPGI,S&P Global Inc.,Financial Services,Financial Data & Stock Exchanges,United States,130596498000.0,13.0,0.0,6.2,6.8,1.0
SPR,"Spirit AeroSystems Holdings, Inc.",Industrials,Aerospace & Defense,United States,3770576688.0,32.2,11.2,11.6,9.4,2.0
SQ,"Block, Inc.",Technology,Software - Infrastructure,United States,45856814640.0,19.8,1.1,11.1,7.6,2.0
SRCL,"Stericycle, Inc.",Industrials,Waste Management,United States,4286782586.0,27.3,15.1,9.3,2.9,2.0
SRE,Sempra,Utilities,Utilities - Diversified,United States,45084932009.0,23.6,10.9,7.8,4.9,2.0
SSNC,"SS&C Technologies Holdings, Inc.",Technology,Software - Application,United States,15133714903.0,22.3,4.8,11.4,6.0,1.0
ST,Sensata Technologies Holding plc,Industrials,Scientific & Technical Instruments,Netherlands,5263436367.0,11.5,3.7,3.2,4.5,2.0
STLD,"Steel Dynamics, Inc.",Industrials,Steel,United States,21199041780.0,33.0,10.6,14.4,8.1,1.0
STT,State Street Corporation,Financial Services,Asset Management,United States,22159638676.0,24.1,1.6,12.9,9.5,1.0
STX,Seagate Technology Holdings plc,Technology,Computer Hardware,Ireland,18026303123.0,10.7,1.6,3.8,5.3,1.0
STZ,"Constellation Brands, Inc.",Consumer Staples,Beverages - Wineries & Distilleries,United States,47581167714.0,24.7,9.4,10.0,5.2,2.0
SU,Suncor Energy Inc.,Energy,Oil & Gas Integrated,Canada,51146219180.0,32.2,20.6,6.7,4.8,3.0
SVC,Service Properties Trust,Real Estate,REIT - Hotel & Motel,United States,1031906161.0,13.1,,,,
SWK,"Stanley Black & Decker, Inc.",Consumer Discretionary,Tools & Accessories,United States,13797583431.0,25.3,5.0,12.5,7.8,2.0
SWKS,"Skyworks Solutions, Inc.",Technology,Semiconductors,United States,16711560431.0,28.0,11.8,8.9,7.2,1.0
SYF,Synchrony Financial,Financial Services,Credit Services,United States,18173703701.0,17.3,0.1,9.9,7.3,2.0
SYK,Stryker Corporation,Health Care,Medical Devices,United States,127620413122.0,28.3,4.0,13.2,11.0,2.0
SYY,Sysco Corporation,Consumer Discretionary,Food Distribution,United States,38367738678.0,15.9,5.4,6.1,4.5,2.0
T,AT&T Inc.,Communication Services,Telecom Services,United States,119809270238.0,23.9,3.3,13.9,6.7,3.0
TAL,TAL Education Group,Real Estate,Education & Training Services,China,8541488329.0,18.4,0.1,10.6,7.7,2.0
TAP,Molson Coors Beverage Company,Consumer Staples,Beverages - Brewers,Canada,12543336288.0,21.4,7.3,8.6,5.5,2.0
TCOM,Trip.com Group Limited,Consumer Discretionary,Travel Services,China,32690981598.0,23.3,2.5,11.0,9.8,2.0
TD,The Toronto-Dominion Bank,Financial Services,Banks - Diversified,Canada,105227298000.0,19.8,0.5,9.7,9.5,3.0
TDG,TransDigm Group Incorporated,Industrials,Aerospace & Defense,United States,70016623538.0,38.7,12.0,17.7,9.0,2.0
TECK,Teck Resources Limited,Basic Materials,Other Industrial Metals & Mining,Canada,26086764000.0,20.5,10.1,6.7,3.6,3.0
TEF,"Telefónica, S.A.",Communication Services,Telecom Services,Spain,25877061653.0,17.4,1.6,9.2,6.6,2.0
TEL,TE Connectivity Ltd.,Technology,Electronic Components,Switzerland,43296705967.0,14.8,5.8,4.4,4.6,
TER,"Teradyne, Inc.",Industrials,Semiconductor Equipment & Materials,United States,17471089677.0,17.0,7.1,4.9,5.0,
TFX,Teleflex Incorporated,Health Care,Medical Instruments & Supplies,United States,9727045394.0,29.6,4.8,16.1,8.7,2.0
TGNA,TEGNA Inc.,Industrials,Broadcasting,United States,2384481644.0,14.7,,,,2.0
TGT,Target Corporation,Consumer Discretionary,Discount Stores,United States,76058844536.0,14.4,1.9,7.6,4.9,3.0
THO,"Thor Industries, Inc.",Industrials,Recreational Vehicles,United States,5363915982.0,26.5,5.9,14.9,5.7,
TJX,"The TJX Companies, Inc.",Consumer Discretionary,Apparel Retail,United States,109173362980.0,14.4,1.9,7.7,4.8,2.0
TMO,Thermo Fisher Scientific Inc.,Industrials,Diagnostics & Research,United States,218720716925.0,12.8,1.4,4.9,6.5,3.0
TMUS,"T-Mobile US, Inc.",Communication Services,Telecom Services,United States,194598807597.0,24.6,4.2,13.4,7.1,3.0
TNL,Travel + Leisure Co.,Consumer Discretionary,Travel Services,United States,3253956909.0,24.7,9.5,11.2,4.1,2.0
TOL,"Toll Brothers, Inc.",Consumer Discretionary,Residential Construction,United States,12523317400.0,22.6,9.6,7.8,5.1,2.0
TPR,"Tapestry, Inc.",Consumer Discretionary,Luxury Goods,United States,9186114468.0,14.8,1.1,8.6,5.2,2.0
TRGP,Targa Resources Corp.,Utilities,Oil & Gas Midstream,United States,26077935720.0,33.2,14.2,14.8,4.2,2.0
TRI,Thomson Reuters Corporation,Industrials,Specialty Business Services,United States,73046876232.0,14.6,0.0,8.0,6.5,2.0
TRIP,"Tripadvisor, Inc.",Technology,Travel Services,United States,3785346573.0,24.9,1.1,14.9,8.9,2.0
TRMB,Trimble Inc.,Industrials,Scientific & Technical Instruments,United States,14778083937.0,12.4,3.8,3.4,5.2,
TROW,"T. Rowe Price Group, Inc.",Financial Services,Asset Management,United States,25501324962.0,16.9,2.4,8.9,5.6,1.0
TRP,TC Energy Corporation,Energy,Oil & Gas Midstream,Canada,37435700000.0,23.5,10.4,10.1,3.0,3.0
TRV,"The Travelers Companies, Inc.",Financial Services,Insurance - Property & Casualty,United States,48878639522.0,20.3,1.0,9.3,10.0,1.0
TSCO,Tractor Supply Company,Consumer Discretionary,Specialty Retail,United States,29558337567.0,16.1,3.4,8.2,4.5,2.0
TSLA,"Tesla, Inc.",Consumer Discretionary,Auto Manufacturers,United States,535968378940.0,25.2,3.3,14.1,7.8,3.0
TSN,"Tyson Foods, Inc.",Consumer Staples,Farm Products,United States,21605399127.0,35.9,14.0,12.4,9.5,4.0
TT,Trane Technologies plc,Industrials,Building Products & Equipment,Ireland,69150304375.0,15.2,4.4,5.7,5.1,2.0
TTC,The Toro Company,Consumer Discretionary,Tools & Accessories,United States,9135595000.0,21.1,5.4,9.4,6.4,1.0
TU,TELUS Corporation,Communication Services,Telecom Services,Canada,23719320000.0,17.4,3.4,10.6,3.4,2.0
TXN,Texas Instruments Incorporated,Technology,Semiconductors,United States,161380376204.0,20.6,7.8,6.0,6.9,2.0
TXT,Textron Inc.,Industrials,Aerospace & Defense,United States,16683797896.0,33.6,10.9,16.1,6.6,2.0
TYG,Tortoise Energy Infrastructure Corporation,Financial Services,Asset Management,United States,377756688.0,32.2,,,,
UAA,"Under Armour, Inc.",Consumer Discretionary,Apparel Manufacturing,United States,2959911555.0,16.3,1.8,8.5,6.0,2.0
UAL,"United Airlines Holdings, Inc.",Consumer Discretionary,Airlines,United States,17373973294.0,28.6,10.8,12.8,5.0,2.0
UBS,UBS Group AG,Financial Services,Banks - Diversified,Switzerland,94734800000.0,28.2,1.0,12.5,14.7,4.0
UDR,"UDR, Inc.",Real Estate,REIT - Residential,United States,12480885821.0,13.9,3.7,3.9,6.3,1.0
UGI,UGI Corporation,Utilities,Utilities - Regulated Gas,United States,5318415319.0,31.7,12.5,13.3,5.8,2.0
UHAL,U-Haul Holding Company,Consumer Discretionary,Rental & Leasing Services,United States,12729375970.0,23.1,6.6,9.2,7.3,1.0
UHS,"Universal Health Services, Inc.",Health Care,Medical Care Facilities,United States,11162775222.0,33.0,3.7,20.7,8.6,3.0
ULTA,"Ulta Beauty, Inc.",Consumer Discretionary,Specialty Retail,United States,19615934874.0,15.6,4.1,7.3,4.3,2.0
UNH,UnitedHealth Group Incorporated,Health Care,Healthcare Plans,United States,456680060893.0,15.3,0.0,9.7,5.6,3.0
UNM,Unum Group,Financial Services,Insurance - Life,United States,9719538805.0,17.4,0.8,8.9,7.7,1.0
UNP,Union Pacific Corporation,Industrials,Railroads,United States,148047979740.0,23.5,7.3,10.6,5.6,2.0
UPS,"United Parcel Service, Inc.",Industrials,Integrated Freight & Logistics,United States,125843065273.0,18.6,4.2,8.9,5.5,2.0
URI,"United Rentals, Inc.",Industrials,Rental & Leasing Services,United States,46415975932.0,16.9,5.3,6.1,5.4,1.0
USB,U.S. Bancorp,Financial Services,Banks - Regional,United States,64070446683.0,30.3,1.8,15.5,13.0,3.0
UTHR,United Therapeutics Corporation,Health Care,Biotechnology,United States,11004640748.0,22.4,1.4,13.8,7.1,2.0
V,Visa Inc.,Consumer Discretionary,Credit Services,United States,504158643393.0,16.7,1.8,8.2,6.7,3.0
VFC,V.F. Corporation,Consumer Discretionary,Apparel Manufacturing,United States,4914633684.0,14.0,0.8,8.2,5.0,2.0
VIPS,Vipshop Holdings Limited,Consumer Discretionary,Internet Retail,China,9216339761.0,23.5,7.3,8.0,8.2,2.0
VLO,Valero Energy Corporation,Energy,Oil & Gas Refining & Marketing,United States,55125500346.0,32.6,20.1,7.4,5.0,2.0
VMC,Vulcan Materials Company,Industrials,Building Materials,United States,34543010216.0,29.3,13.4,6.8,9.1,2.0
VNO,Vornado Realty Trust,Real Estate,REIT - Office,United States,4999659861.0,14.3,3.1,4.2,7.0,1.0
VOYA,"Voya Financial, Inc.",Financial Services,Financial Conglomerates,United States,6944935029.0,18.4,1.6,7.8,9.0,2.0
VRSK,"Verisk Analytics, Inc.",Technology,Consulting Services,United States,31709238948.0,17.5,0.1,12.5,5.0,1.0
VRSN,"VeriSign, Inc.",Technology,Software - Infrastructure,United States,17705932000.0,21.3,4.7,10.8,5.8,1.0
VRTX,Vertex Pharmaceuticals Incorporated,Health Care,Biotechnology,United States,102672190704.0,22.7,0.8,15.4,6.6,2.0
VTR,"Ventas, Inc.",Real Estate,REIT - Healthcare Facilities,United States,17708309476.0,12.9,3.4,3.9,5.6,
VZ,Verizon Communications Inc.,Communication Services,Telecom Services,United States,166825530538.0,18.7,3.7,9.6,5.4,3.0
WAB,Westinghouse Air Brake Technologies Corporation,Industrials,Railroads,United States,29096447815.0,23.3,5.4,12.0,6.0,2.0
WAT,Waters Corporation,Industrials,Diagnostics & Research,United States,18429777474.0,14.6,1.4,8.2,5.1,
WBA,"Walgreens Boots Alliance, Inc.",Consumer Staples,Pharmaceutical Retailers,United States,15270026578.0,16.3,1.8,9.3,5.2,3.0
WCN,"Waste Connections, Inc.",Utilities,Waste Management,Canada,42181014291.0,22.0,11.0,7.7,3.3,1.0
WDAY,"Workday, Inc.",Technology,Software - Application,United States,66274560000.0,17.2,4.0,6.6,6.6,1.0
WDC,Western Digital Corporation,Technology,Computer Hardware,United States,23253351403.0,11.4,1.5,3.9,6.1,2.0
WEC,"WEC Energy Group, Inc.",Utilities,Utilities - Regulated Electric,United States,25715107450.0,27.5,13.4,9.0,5.1,1.0
WELL,Welltower Inc.,Real Estate,REIT - Healthcare Facilities,United States,53667956086.0,13.2,4.2,3.5,5.5,1.0
WFC,Wells Fargo & Company,Financial Services,Banks - Diversified,United States,214324639426.0,36.2,2.0,14.8,19.4,5.0
WFRD,Weatherford International plc,Industrials,Oil & Gas Equipment & Services,United States,9254333035.0,22.1,,,,
WHR,Whirlpool Corporation,Consumer Discretionary,"Furnishings, Fixtures & Appliances",United States,5169299318.0,16.1,4.6,7.1,4.4,2.0
WLK,Westlake Corporation,Industrials,Specialty Chemicals,United States,19174733757.0,29.4,17.9,3.2,8.3,2.0
WM,"Waste Management, Inc.",Utilities,Waste Management,United States,84375755978.0,16.6,8.1,5.2,3.3,2.0
WMB,"The Williams Companies, Inc.",Utilities,Oil & Gas Midstream,United States,47769611753.0,21.8,8.7,10.1,3.0,2.0
WMT,Walmart Inc.,Consumer Discretionary,Discount Stores,United States,484772208228.0,25.3,5.9,12.4,7.1,3.0
WPC,W. P. Carey Inc.,Real Estate,REIT - Diversified,United States,12033543933.0,15.7,4.2,5.0,6.5,
WPM,Wheaton Precious Metals Corp.,Basic Materials,Gold,Canada,24465739716.0,7.3,0.1,2.7,4.6,
WRB,W. R. Berkley Corporation,Financial Services,Insurance - Property & Casualty,United States,19664455479.0,21.8,2.0,7.9,11.9,1.0
WTRG,"Essential Utilities, Inc.",Utilities,Utilities - Regulated Water,United States,9863339581.0,24.6,6.8,11.4,6.4,1.0
WTW,Willis Towers Watson PLC,Financial Services,Insurance Brokers,United Kingdom,25717720379.0,18.7,0.1,7.8,10.8,2.0
WU,The Western Union Company,Consumer Discretionary,Credit Services,United States,4609392620.0,15.3,4.4,6.0,4.9,1.0
WY,Weyerhaeuser Company,Real Estate,REIT - Specialty,United States,22651627050.0,16.7,9.1,4.2,3.5,2.0
WYNN,"Wynn Resorts, Limited",Consumer Discretionary,Resorts & Casinos,United States,10746063856.0,25.7,3.4,11.8,10.6,2.0
X,United States Steel Corporation,Industrials,Steel,United States,8371993214.0,30.4,14.5,9.7,6.2,3.0
XEL,Xcel Energy Inc.,Utilities,Utilities - Regulated Electric,United States,29956205349.0,26.5,12.7,9.3,4.5,2.0
XOM,Exxon Mobil Corporation,Energy,Oil & Gas Integrated,United States,468046914454.0,41.6,23.1,10.0,8.5,3.0
XRAY,DENTSPLY SIRONA Inc.,Health Care,Medical Instruments & Supplies,United States,6339095347.0,14.9,2.1,6.5,6.3,1.0
XYL,Xylem Inc.,Industrials,Specialty Industrial Machinery,United States,32010402681.0,18.1,4.3,8.7,5.2,1.0
YUM,"Yum! Brands, Inc.",Consumer Discretionary,Restaurants,United States,39885044416.0,20.1,4.5,11.4,4.1,2.0
Z,"Zillow Group, Inc.",Consumer Discretionary,Internet Content & Information,United States,10195469129.0,22.2,1.2,11.5,9.5,2.0
ZBH,"Zimmer Biomet Holdings, Inc.",Health Care,Medical Devices,United States,24476778026.0,26.0,3.6,14.5,7.9,2.0
ZTS,Zoetis Inc.,Health Care,Drug Manufacturers - Specialty & Generic,United States,72535308358.0,18.8,3.2,6.8,8.7,2.0
